pathogen,episode_days,incub_min_days,incub_max_days,case_free_days,cooldown_days,rt_applicable,si_mean_days,si_sd_days,si_dist,mem_mode,severity_weight,source_ref
Adenovirus,14,2,14,21,21,0,,,,auto,0.4,
Bordetella pertussis,28,4,21,42,42,1,22.8,6.5,gamma,no,0.6,"Vink et al. 2014 Am J Epidemiol, doi:10.1093/aje/kwu209 (reanalysis of Dutch household data, de Greeff et al. 2010); consistent with te Beest et al. 2014 Epidemics, doi:10.1016/j.epidem.2014.02.001 (20-28 d by infector type)"
Campylobacter,30,1,10,14,14,0,,,,auto,0.7,
Candida auris,365,,,21,21,0,,,,no,1.0,
Carbapenemase-producing Acinetobacter baumannii,365,,,21,21,0,,,,no,1.0,
Carbapenemase-producing Enterobacterales,365,,,21,21,0,,,,no,1.0,
Carbapenemase-producing Pseudomonas aeruginosa,365,,,21,21,0,,,,no,0.9,
Clostridioides difficile,56,1,28,21,21,0,,,,no,0.9,
Cryptosporidium,30,1,12,21,21,0,,,,auto,0.5,
Enterovirus,21,2,10,21,21,0,,,,auto,0.5,
Escherichia coli,30,,,14,14,0,,,,no,0.3,
ETEC,30,0.5,3,14,14,0,,,,auto,0.5,
Giardia lamblia,60,3,25,21,21,0,,,,auto,0.4,
Hepatitis A virus,90,15,50,100,100,0,,,,no,0.8,
Human metapneumovirus,14,3,6,14,14,0,,,,yes,0.5,
Influenza A,14,1,4,14,14,1,2.8,1.2,gamma,yes,0.6,"Vink et al. 2014 Am J Epidemiol, doi:10.1093/aje/kwu209 (pooled household mean A(H1N1)pdm09 2.8 d; A(H3N2) 2.2 d; SD approximated from per-study SDs 0.8-1.2)"
Influenza B,14,1,4,14,14,1,3.6,1.6,gamma,yes,0.5,"Cowling et al. 2009 Epidemiology, doi:10.1097/EDE.0b013e31819d1092 (household, laboratory-confirmed influenza, Weibull fit approximated by gamma; not B-specific)"
Legionella,30,2,10,21,21,0,,,,auto,1.0,
Listeria monocytogenes,90,1,70,21,21,0,,,,no,1.0,
Measles virus,30,7,21,42,42,1,11.7,2.0,gamma,no,1.0,"Vink et al. 2014 Am J Epidemiol, doi:10.1093/aje/kwu209 (pooled household mean; SD 2.0 as commonly adopted, per-study SDs 1.5-2.6)"
Mpox virus,30,1,21,42,42,0,,,,no,0.7,
MRSA,180,,,21,21,0,,,,no,0.8,
Mumps virus,30,12,25,50,50,1,18.0,3.5,gamma,no,0.4,"Vink et al. 2014 Am J Epidemiol, doi:10.1093/aje/kwu209 (Simpson 1952 household data)"
Mycobacterium tuberculosis complex,365,14,365,365,365,0,,,,no,1.0,
Mycoplasma pneumoniae,42,6,32,42,42,0,,,,no,0.5,
Neisseria meningitidis,30,2,10,21,21,0,,,,no,1.0,
Norovirus,14,0.5,3,14,14,1,3.6,1.9,gamma,yes,0.6,"Heijne et al. 2009 Emerg Infect Dis, doi:10.3201/eid1501.080299 (gamma fit to Swedish day-care outbreak data; mean 3.6 d, mode 2.6 d; SD derived from mean and mode)"
Parainfluenza virus,14,2,6,14,14,0,,,,auto,0.4,
Rotavirus,14,1,3,14,14,0,,,,auto,0.5,
RSV,14,2,8,14,14,1,7.5,2.1,gamma,yes,0.5,"Vink et al. 2014 Am J Epidemiol, doi:10.1093/aje/kwu209 (Crowcroft et al. 2008 household data)"
Salmonella,30,0.25,3,14,14,0,,,,auto,0.8,
SARS-CoV-2,60,1,14,14,14,1,3.2,2.5,gamma,auto,0.7,"Madewell et al. 2023 BMC Infect Dis, doi:10.1186/s12879-023-08407-5 (pooled Omicron mean 3.2 d, BA.5 2.3 d; SD approximate, not pooled in source)"
Seasonal coronavirus,14,2,5,14,14,0,,,,yes,0.3,
Shigella,21,1,7,14,14,0,,,,auto,0.9,
STEC,30,1,10,21,21,0,,,,auto,1.0,
Streptococcus pneumoniae,30,1,3,14,14,0,,,,auto,0.8,
Streptococcus pyogenes,30,1,3,14,14,0,,,,auto,0.9,
VRE,180,,,21,21,0,,,,no,0.7,
Yersinia enterocolitica,30,1,11,14,14,0,,,,auto,0.5,
